,Topic1,,,Topic2,,,Topic3,,,Topic4,,,Topic5,,,Topic6,,,Topic7,,,Topic8,,,Topic9,,,Topic10,
Word,Count,Percentage,Word,Count,Percentage,Word,Count,Percentage,Word,Count,Percentage,Word,Count,Percentage,Word,Count,Percentage,Word,Count,Percentage,Word,Count,Percentage,Word,Count,Percentage,Word,Count,Percentage
video,40,2.684563758389262,rex,33,2.1696252465483234,dico/2,38,2.5384101536406143,angli/n,21,1.439342015078821,rex,53,3.1985515992757994,venio,39,2.5128865979381443,rex,48,2.8169014084507045,monasterivm,81,4.876580373269115,habeo,27,1.9607843137254901,facio,32,2.038216560509554
corpvs,26,1.74496644295302,facio,29,1.9066403681788298,tempvs/1,30,2.004008016032064,noster,19,1.3022618231665526,tempvs/1,33,1.9915509957754978,domvs,25,1.610824742268041,ecclesia,33,1.936619718309859,christvs/n,28,1.6857314870559903,insvla,20,1.4524328249818446,habeo,30,1.910828025477707
avdio,19,1.2751677852348993,devs,24,1.5779092702169626,monasterivm,29,1.9372077488309953,avgvstine/n1,16,1.0966415352981496,fides/2,28,1.6898008449004225,frater,23,1.4819587628865978,episcopvs,33,1.936619718309859,corpvs,26,1.56532209512342,gens,19,1.3798111837327522,celebro,22,1.4012738853503186
respondeo,19,1.2751677852348993,vervs,21,1.3806706114398422,corpvs,23,1.5364061456245823,gens,15,1.0281014393420151,mitto,24,1.448400724200362,facio,23,1.4819587628865978,venio,30,1.7605633802816902,episcopvs,19,1.1438892233594222,locvs,17,1.2345679012345678,dominvs,21,1.337579617834395
spiritvs,19,1.2751677852348993,ago,14,0.9204470742932281,oratio,23,1.5364061456245823,sanctvs,15,1.0281014393420151,regnvm,24,1.448400724200362,dico/2,22,1.4175257731958764,britannia/n,30,1.7605633802816902,abbatissa,17,1.0234798314268514,omnis,15,1.0893246187363834,dico/2,20,1.2738853503184715
homo,17,1.1409395973154361,tempvs/1,13,0.8547008547008548,virtvs,22,1.4696058784235138,omnis,14,0.9595613433858807,edwin/n2,21,1.2673506336753169,ecclesia,21,1.3530927835051547,tempvs/1,28,1.643192488262911,dico/2,16,0.963275135460566,britannia/n,14,1.016702977487291,seqvor,20,1.2738853503184715
tantvs,14,0.9395973154362416,omnis,13,0.8547008547008548,avdio,19,1.2692050768203071,ecclesia,14,0.9595613433858807,ecclesia,18,1.0863005431502715,habeo,21,1.3530927835051547,christvs/n,24,1.4084507042253522,infirmitas,16,0.963275135460566,scoti/n,14,1.016702977487291,devs,19,1.210191082802548
facio,13,0.87248322147651,regnvm,13,0.8547008547008548,provincia,19,1.2692050768203071,fides/2,14,0.9595613433858807,annvs,18,1.0863005431502715,coepio,19,1.2242268041237114,roma/n,23,1.3497652582159625,refero,15,0.9030704394942807,pars,13,0.944081336238199,dominicvs,18,1.1464968152866242
dvco,13,0.87248322147651,dico/2,12,0.7889546351084813,episcopvs,18,1.2024048096192386,caelestis,14,0.9595613433858807,gens,17,1.0259505129752564,accipio,14,0.902061855670103,monasterivm,22,1.2910798122065728,devs,15,0.9030704394942807,picti/n,13,0.944081336238199,rex,17,1.0828025477707006
tempvs/1,12,0.8053691275167786,volo/3,12,0.7889546351084813,dominvs,18,1.2024048096192386,beatvs,13,0.8910212474297465,angli/n,17,1.0259505129752564,inqvio,14,0.902061855670103,provincia,21,1.232394366197183,svscipio,15,0.9030704394942807,britanni/n,12,0.8714596949891068,doceo,17,1.0828025477707006
dies,11,0.738255033557047,svscipio,12,0.7889546351084813,ecclesia,17,1.1356045424181698,christvs/n,12,0.822481151473612,provincia,17,1.0259505129752564,caelestis,14,0.902061855670103,annvs,19,1.1150234741784038,tempvs/1,14,0.8428657435279951,facio,12,0.8714596949891068,dies,17,1.0828025477707006
mors,11,0.738255033557047,solvs,11,0.7232084155161078,angelvs,17,1.1356045424181698,gratia,11,0.7539410555174777,pavlinvs/n1,16,0.9656004828002415,tantvs,13,0.8376288659793815,pervenio,17,0.9976525821596244,voco,14,0.8428657435279951,fero,12,0.8714596949891068,inqvio,17,1.0828025477707006
invenio,9,0.6040268456375839,verbvm,11,0.7232084155161078,constrvo,16,1.068804275217101,verbvm,10,0.6854009595613434,filivs,13,0.7845503922751962,relinqvo,13,0.8376288659793815,antistes,17,0.9976525821596244,soleo,14,0.8428657435279951,dico/2,11,0.7988380537400145,tempvs/1,16,1.019108280254777
opvs/1,9,0.6040268456375839,primvs,10,0.6574621959237344,dies,15,1.002004008016032,vir,10,0.6854009595613434,facio,12,0.724200362100181,tempvs/1,12,0.7731958762886598,gens,15,0.8802816901408451,ergo/2,14,0.8428657435279951,mare,10,0.7262164124909223,ecclesia,16,1.019108280254777
infirmitas,9,0.6040268456375839,salvs,9,0.591715976331361,terra,13,0.8684034736138945,video,10,0.6854009595613434,baptizo,11,0.663850331925166,nox,12,0.7731958762886598,disco,15,0.8802816901408451,annvs,14,0.8428657435279951,terra,10,0.7262164124909223,cvro,15,0.9554140127388535
nvnc,8,0.5369127516778524,promitto,9,0.591715976331361,ignis,13,0.8684034736138945,corpvs,10,0.6854009595613434,christvs/n,10,0.6035003017501509,pvlvis,12,0.7731958762886598,cognosco,14,0.8215962441314555,svpra/2,14,0.8428657435279951,venio,9,0.6535947712418301,venio,14,0.89171974522293
salvs,8,0.5369127516778524,sedeo,9,0.591715976331361,opvs/1,12,0.8016032064128256,apostolicvs,10,0.6854009595613434,ivxta/1,10,0.6035003017501509,loqvor,12,0.7731958762886598,ordino,14,0.8215962441314555,provincia,13,0.78266104756171,longvs,8,0.5809731299927379,episcopvs,14,0.89171974522293
pervenio,8,0.5369127516778524,christvs/n,8,0.5259697567389875,ivxta/1,12,0.8016032064128256,converto,10,0.6854009595613434,coepio,10,0.6035003017501509,manvs/1,12,0.7731958762886598,ibi,13,0.7629107981220657,video,13,0.78266104756171,septentrionalis,8,0.5809731299927379,ago,14,0.89171974522293
vita,8,0.5369127516778524,venio,8,0.5259697567389875,cvro,11,0.7348029392117569,gregory/n1,9,0.616860863605209,totvs,10,0.6035003017501509,adhvc,11,0.7087628865979382,historia,12,0.7042253521126761,mors,13,0.78266104756171,dies,8,0.5809731299927379,monasterivm,13,0.8280254777070064
vivo,8,0.5369127516778524,vita,8,0.5259697567389875,habeo,11,0.7348029392117569,pontifex,9,0.616860863605209,nihil,10,0.6035003017501509,redeo/1,11,0.7087628865979382,verbvm,12,0.7042253521126761,avdio,11,0.6622516556291391,accipio,8,0.5809731299927379,christvs/n,12,0.7643312101910829
ibi,7,0.4697986577181208,qvondam,8,0.5259697567389875,sicvt/1,11,0.7348029392117569,vita,9,0.616860863605209,verbvm,9,0.5431502715751357,praecipio,11,0.7087628865979382,vervs,12,0.7042253521126761,antistes,11,0.6622516556291391,crvx,8,0.5809731299927379,credo,12,0.7643312101910829
coepio,7,0.4697986577181208,accipio,8,0.5259697567389875,tantvs,11,0.7348029392117569,annvs,9,0.616860863605209,omnis,9,0.5431502715751357,debeo,11,0.7087628865979382,simvl/1,12,0.7042253521126761,pono,11,0.6622516556291391,avdio,7,0.5083514887436456,mos,12,0.7643312101910829
capvt,7,0.4697986577181208,ergo/2,8,0.5259697567389875,saecvlvm,11,0.7348029392117569,dico/2,8,0.5483207676490748,dono,9,0.5431502715751357,ergo/2,10,0.6443298969072164,cantvari/n,11,0.6455399061032864,dies,11,0.6622516556291391,saepe,7,0.5083514887436456,nihil,12,0.7643312101910829
conversatio,7,0.4697986577181208,tantvs,8,0.5259697567389875,ago,10,0.6680026720106881,cvra,7,0.47978067169294036,sacramentvm,9,0.5431502715751357,dominvs,10,0.6443298969072164,vita,11,0.6455399061032864,dominvs,11,0.6622516556291391,nvllvs,7,0.5083514887436456,lingva,11,0.7006369426751593
paenitentia,7,0.4697986577181208,idolvm,7,0.46022353714661407,advenio,10,0.6680026720106881,doceo,7,0.47978067169294036,oswald/n1,9,0.5431502715751357,verbvm,9,0.5798969072164949,ago,11,0.6455399061032864,dvco,11,0.6622516556291391,valeo,7,0.5083514887436456,aio,11,0.7006369426751593
verbvm,6,0.4026845637583893,homo,7,0.46022353714661407,propter/2,10,0.6680026720106881,habeo,7,0.47978067169294036,vir,8,0.48280024140012073,simvl/1,9,0.5798969072164949,mitto,11,0.6455399061032864,mater,11,0.6622516556291391,nox,7,0.5083514887436456,pater,10,0.6369426751592357
certvs,6,0.4026845637583893,seqvor,7,0.46022353714661407,perficio,10,0.6680026720106881,mevs,7,0.47978067169294036,devs,8,0.48280024140012073,video,9,0.5798969072164949,ivbeo,11,0.6455399061032864,venio,10,0.6020469596628537,contra/2,7,0.5083514887436456,respondeo,10,0.6369426751592357
pono,6,0.4026845637583893,malvs/3,7,0.46022353714661407,svscipio,9,0.6012024048096193,totvs,7,0.47978067169294036,locvs,8,0.48280024140012073,videlicet,9,0.5798969072164949,teneo,11,0.6455399061032864,lvx,10,0.6020469596628537,peto,7,0.5083514887436456,vivo,10,0.6369426751592357
nox,6,0.4026845637583893,hostis,7,0.46022353714661407,ibi,8,0.5344021376085505,tantvs,7,0.47978067169294036,nomen,8,0.48280024140012073,terra,9,0.5798969072164949,theodore/n1,10,0.5868544600938966,ivxta/1,9,0.5418422636965683,do,7,0.5083514887436456,regnvm,10,0.6369426751592357
adhvc,6,0.4026845637583893,video,6,0.39447731755424065,vita,8,0.5344021376085505,historia,6,0.411240575736806,voco,8,0.48280024140012073,nomen,8,0.5154639175257731,pars,10,0.5868544600938966,nox,9,0.5418422636965683,videlicet,6,0.4357298474945534,ivbeo,10,0.6369426751592357
intro/1,6,0.4026845637583893,fides/2,6,0.39447731755424065,do,8,0.5344021376085505,coepio,6,0.411240575736806,dies,8,0.48280024140012073,religio,8,0.5154639175257731,dominvs,10,0.5868544600938966,contingo/1,9,0.5418422636965683,pervenio,6,0.4357298474945534,revereor,9,0.5732484076433121
iste,6,0.4026845637583893,respondeo,6,0.39447731755424065,cavsa,8,0.5344021376085505,aeternvs,6,0.411240575736806,christianvs/2,8,0.48280024140012073,ibidem,8,0.5154639175257731,desidero,8,0.4694835680751174,disciplina,9,0.5418422636965683,fons,6,0.4357298474945534,vervs,8,0.5095541401273885
morior,6,0.4026845637583893,do,6,0.39447731755424065,sollicitvs,7,0.46760187040748163,dvm/2,6,0.411240575736806,praesvm/1,7,0.4224502112251056,spiritvs,8,0.5154639175257731,ministerivm,8,0.4694835680751174,prior,8,0.481637567730283,hibernia/n,6,0.4357298474945534,nosco,8,0.5095541401273885
dvm/2,6,0.4026845637583893,talis,6,0.39447731755424065,ardeo,7,0.46760187040748163,vrbs,6,0.411240575736806,gratia,7,0.4224502112251056,provincia,7,0.4510309278350515,recipio,8,0.4694835680751174,invenio,8,0.481637567730283,christianvs/2,6,0.4357298474945534,advenio,8,0.5095541401273885
ocvlvs,6,0.4026845637583893,praedico/3,6,0.39447731755424065,adhvc,7,0.46760187040748163,exemplvm,6,0.411240575736806,vita,7,0.4224502112251056,do,7,0.4510309278350515,adeo/1,8,0.4694835680751174,habeo,8,0.481637567730283,virtvs,6,0.4357298474945534,dignvs,7,0.445859872611465
alter,6,0.4026845637583893,doctrina,6,0.39447731755424065,maneo,7,0.46760187040748163,ecclesiasticvs,5,0.3427004797806717,religio,7,0.4224502112251056,hodie,7,0.4510309278350515,imperivm,8,0.4694835680751174,accipio,8,0.481637567730283,sanctvs,5,0.36310820624546114,omnis,7,0.445859872611465
statim,6,0.4026845637583893,nihil,6,0.39447731755424065,sermo,7,0.46760187040748163,maxime,5,0.3427004797806717,seqvor,7,0.4224502112251056,donec,7,0.4510309278350515,transeo/1,8,0.4694835680751174,caelestis,8,0.481637567730283,vir,5,0.36310820624546114,traditio,7,0.445859872611465
ivvenis/2,6,0.4026845637583893,pavlinvs/n1,6,0.39447731755424065,homo,7,0.46760187040748163,rego,5,0.3427004797806717,filia,7,0.4224502112251056,praedico/3,7,0.4510309278350515,eo/1,8,0.4694835680751174,dvm/2,8,0.481637567730283,nomen,5,0.36310820624546114,nomen,7,0.445859872611465
exeo/1,6,0.4026845637583893,oracvlvm,6,0.39447731755424065,sepelio,7,0.46760187040748163,divinvs/2,5,0.3427004797806717,regno,7,0.4224502112251056,nihil,7,0.4510309278350515,monachvs,8,0.4694835680751174,semper,8,0.481637567730283,civitas,5,0.36310820624546114,ergo/2,7,0.445859872611465
ascendo,6,0.4026845637583893,raedwald/n1,6,0.39447731755424065,devenio,7,0.46760187040748163,salvs,5,0.3427004797806717,villa,7,0.4224502112251056,rogo,7,0.4510309278350515,prior,7,0.41079812206572774,narro,8,0.481637567730283,soleo,5,0.36310820624546114,coepio,7,0.445859872611465
desidero,5,0.33557046979865773,nvnc,5,0.3287310979618672,cvra,6,0.4008016032064128,avctor,5,0.3427004797806717,romanvs/a,6,0.3621001810500905,vaco,7,0.4510309278350515,revereor,7,0.41079812206572774,nvper,7,0.4214328717639976,ivxta/1,5,0.36310820624546114,servo,7,0.445859872611465
lego/2,5,0.33557046979865773,simvl/1,5,0.3287310979618672,video,6,0.4008016032064128,cvro,5,0.3427004797806717,magnvs,6,0.3621001810500905,canto,7,0.4510309278350515,videlicet,7,0.41079812206572774,nvnc,7,0.4214328717639976,aestas,5,0.36310820624546114,vocabvlvm,7,0.445859872611465
religiosvs,5,0.33557046979865773,nvllvs,5,0.3287310979618672,accipio,6,0.4008016032064128,papa,5,0.3427004797806717,dvx,6,0.3621001810500905,abbatissa,7,0.4510309278350515,frater,7,0.41079812206572774,religiosvs,7,0.4214328717639976,longe,5,0.36310820624546114,sabbatvm,7,0.445859872611465
cognosco,5,0.33557046979865773,valeo,5,0.3287310979618672,intro/1,6,0.4008016032064128,traditio,5,0.3427004797806717,dominvs,6,0.3621001810500905,avdio,6,0.3865979381443299,postqvam,7,0.41079812206572774,memoria,7,0.4214328717639976,hora,5,0.36310820624546114,prior,6,0.3821656050955414
ergo/2,5,0.33557046979865773,advenio,5,0.3287310979618672,peto,6,0.4008016032064128,deniqve,5,0.3427004797806717,regivs,6,0.3621001810500905,lingva,6,0.3865979381443299,appareo,7,0.41079812206572774,ago,7,0.4214328717639976,ergo/2,5,0.36310820624546114,video,6,0.3821656050955414
inqvio,5,0.33557046979865773,hora,5,0.3287310979618672,dvo,6,0.4008016032064128,opvs/1,5,0.3427004797806717,praedico/3,6,0.3621001810500905,servo,6,0.3865979381443299,gesta,6,0.35211267605633806,vivo,7,0.4214328717639976,hodie,5,0.36310820624546114,videlicet,6,0.3821656050955414
tres,5,0.33557046979865773,fero,5,0.3287310979618672,relinqvo,6,0.4008016032064128,sacerdos,5,0.3427004797806717,relinqvo,6,0.3621001810500905,ivbeo,6,0.3865979381443299,dignvs,6,0.35211267605633806,maneo,7,0.4214328717639976,praedico/3,5,0.36310820624546114,veritas,6,0.3821656050955414
hvc,5,0.33557046979865773,intro/1,5,0.3287310979618672,cvnctvs,6,0.4008016032064128,natio/1,5,0.3427004797806717,regina,6,0.3621001810500905,cvnctvs,6,0.3865979381443299,scribo,6,0.35211267605633806,ivbeo,7,0.4214328717639976,rex,4,0.29048656499636893,voco,6,0.3821656050955414
nolo,5,0.33557046979865773,inqvio,5,0.3287310979618672,baptizo,6,0.4008016032064128,advenio,5,0.3427004797806717,hostis,6,0.3621001810500905,seqvor,6,0.3865979381443299,memoria,6,0.35211267605633806,servio,7,0.4214328717639976,tempvs/1,4,0.29048656499636893,ivxta/1,6,0.3821656050955414
honor,5,0.33557046979865773,aeternvs,5,0.3287310979618672,dvco,6,0.4008016032064128,liber/1,5,0.3427004797806717,miles,6,0.3621001810500905,interrogo,6,0.3865979381443299,venerabilis,6,0.35211267605633806,morior,7,0.4214328717639976,vervs,4,0.29048656499636893,contra/2,6,0.3821656050955414
profero,5,0.33557046979865773,praedico/2,5,0.3287310979618672,seqvor,6,0.4008016032064128,sedes,5,0.3427004797806717,habeo,5,0.30175015087507545,nvnc,5,0.3221649484536082,pontifex,6,0.35211267605633806,ostendo,7,0.4214328717639976,devs,4,0.29048656499636893,vester,6,0.3821656050955414
cogito,5,0.33557046979865773,differo,5,0.3287310979618672,interrogo,6,0.4008016032064128,magnvs,5,0.3427004797806717,soleo,5,0.30175015087507545,doceo,5,0.3221649484536082,romanvs/a,6,0.35211267605633806,congregatio,7,0.4214328717639976,invenio,4,0.29048656499636893,oro,6,0.3821656050955414
actvs/3,5,0.33557046979865773,parvvs/2,5,0.3287310979618672,postmodvm,6,0.4008016032064128,cvnctvs,5,0.3427004797806717,nobilis/2,5,0.30175015087507545,pater,5,0.3221649484536082,invenio,6,0.35211267605633806,ecclesia,6,0.3612281757977122,credo,4,0.29048656499636893,svpra/2,6,0.3821656050955414
agmen,5,0.33557046979865773,ostendo,5,0.3287310979618672,refero,5,0.33400133600534404,miracvlvm,5,0.3427004797806717,britanni/n,5,0.30175015087507545,episcopvs,5,0.3221649484536082,reverto,6,0.35211267605633806,affero,6,0.3612281757977122,voco,4,0.29048656499636893,celebratio,6,0.3821656050955414
ianva,5,0.33557046979865773,loqvor,5,0.3287310979618672,pervenio,5,0.33400133600534404,debeo,5,0.3427004797806717,scoti/n,5,0.30175015087507545,siqvis,5,0.3221649484536082,parvvs/2,6,0.35211267605633806,aetas,6,0.3612281757977122,sol,4,0.29048656499636893,nvmqvam,6,0.3821656050955414
svavitas,5,0.33557046979865773,prex,5,0.3287310979618672,longvs,5,0.33400133600534404,pavper,5,0.3427004797806717,promitto,5,0.30175015087507545,nvllvs,5,0.3221649484536082,cavsa,6,0.35211267605633806,fero,6,0.3612281757977122,recipio,4,0.29048656499636893,observatio,6,0.3821656050955414
historia,4,0.2684563758389262,manvs/1,5,0.3287310979618672,soleo,5,0.33400133600534404,desidero,4,0.2741603838245374,caelestis,5,0.30175015087507545,dies,5,0.3221649484536082,filivs,6,0.35211267605633806,devotio,6,0.3612281757977122,serpens,4,0.29048656499636893,regvla,6,0.3821656050955414
prior,4,0.2684563758389262,aethelfrith/n2,5,0.3287310979618672,nobilis/2,5,0.33400133600534404,avdio,4,0.2741603838245374,primo,5,0.30175015087507545,peto,5,0.3221649484536082,svscipio,6,0.35211267605633806,saecvlvm,6,0.3612281757977122,vtpote,4,0.29048656499636893,colvmba,6,0.3821656050955414
noster,4,0.2684563758389262,gladivs,5,0.3287310979618672,magnvs,5,0.33400133600534404,diligens,4,0.2741603838245374,postvlo,5,0.30175015087507545,res,5,0.3221649484536082,regno,6,0.35211267605633806,dolor,6,0.3612281757977122,lingva,4,0.29048656499636893,probo,5,0.3184713375796179
disco,4,0.2684563758389262,virgo,5,0.3287310979618672,res,5,0.33400133600534404,discipvlvs,4,0.2741603838245374,sanctvs,4,0.24140012070006037,oratio,5,0.3221649484536082,abba,5,0.2934272300469483,sepvlcrvm,6,0.3612281757977122,finis,4,0.29048656499636893,verbvm,5,0.3184713375796179
reverto,4,0.2684563758389262,amicvs/1,5,0.3287310979618672,assvm/1,5,0.33400133600534404,romanvs/a,4,0.2741603838245374,refero,4,0.24140012070006037,doctrina,5,0.3221649484536082,institvo,5,0.2934272300469483,pver,6,0.3612281757977122,sedes,4,0.29048656499636893,antistes,5,0.3184713375796179
monasterivm,4,0.2684563758389262,sacro,5,0.3287310979618672,dvm/2,5,0.33400133600534404,pater,4,0.2741603838245374,doceo,4,0.24140012070006037,homo,5,0.3221649484536082,regio,5,0.2934272300469483,virgo,6,0.3612281757977122,tantvs,4,0.29048656499636893,scio,5,0.3184713375796179
ago,4,0.2684563758389262,doceo,4,0.26298487836949375,semper,5,0.33400133600534404,affero,4,0.2741603838245374,venio,4,0.24140012070006037,sacer,5,0.3221649484536082,pater,5,0.2934272300469483,soror,6,0.3612281757977122,dominvs,4,0.29048656499636893,qvaestio,5,0.3184713375796179
libellvs,4,0.2684563758389262,provincia,4,0.26298487836949375,loqvor,5,0.33400133600534404,fidelis/2,4,0.2741603838245374,ibi,4,0.24140012070006037,timor,5,0.3221649484536082,percipio,5,0.2934272300469483,salvs,5,0.30102347983142685,necessarivs/2,4,0.29048656499636893,consto,5,0.3184713375796179
locvs,4,0.2684563758389262,pontifex,4,0.26298487836949375,pecvnia,5,0.33400133600534404,libellvs,4,0.2741603838245374,percipio,4,0.24140012070006037,convivivm,5,0.3221649484536082,memini,5,0.2934272300469483,doceo,5,0.30102347983142685,vexillvm,4,0.29048656499636893,ritvs,5,0.3184713375796179
aetas,4,0.2684563758389262,praefor,4,0.26298487836949375,pavper,5,0.33400133600534404,veritas,4,0.2741603838245374,antistes,4,0.24140012070006037,rex,4,0.25773195876288657,sancio,5,0.2934272300469483,venerabilis,5,0.30102347983142685,vos,4,0.29048656499636893,ieivnivm,5,0.3184713375796179
longitvdo,4,0.2684563758389262,percipio,4,0.26298487836949375,postvlo,5,0.33400133600534404,ivxta/1,4,0.2741603838245374,fidelis/2,4,0.24140012070006037,religiosvs,4,0.25773195876288657,nobilis/2,5,0.2934272300469483,memini,5,0.30102347983142685,cvnctvs,4,0.29048656499636893,praefero,5,0.3184713375796179
sicvt/1,4,0.2684563758389262,aspicio,4,0.26298487836949375,statim,5,0.33400133600534404,redeo/1,4,0.2741603838245374,ago,4,0.24140012070006037,locvs,4,0.25773195876288657,dies,5,0.2934272300469483,nomen,5,0.30102347983142685,flecto,4,0.29048656499636893,immo,5,0.3184713375796179
contra/2,4,0.2684563758389262,potivs,4,0.26298487836949375,sanitas,5,0.33400133600534404,sicvt/1,4,0.2741603838245374,civitas,4,0.24140012070006037,soleo,4,0.25773195876288657,peto,5,0.2934272300469483,nvllvs,5,0.30102347983142685,nvper,3,0.2178649237472767,semper,5,0.3184713375796179
accipio,4,0.2684563758389262,caelvm/1,4,0.26298487836949375,lego/2,4,0.26720106880427524,facio,4,0.2741603838245374,genvs/1,4,0.24140012070006037,recipio,4,0.25773195876288657,praedico/3,5,0.2934272300469483,servo,5,0.30102347983142685,plenvs,3,0.2178649237472767,qvomodo/1,5,0.3184713375796179
ingredior,4,0.2684563758389262,ivbeo,4,0.26298487836949375,institvo,4,0.26720106880427524,regivs,4,0.2741603838245374,adhvc,4,0.24140012070006037,noctvrnvs,4,0.25773195876288657,baptizo,5,0.2934272300469483,donec,5,0.30102347983142685,solvs,3,0.2178649237472767,via,5,0.3184713375796179
gavdivm,4,0.2684563758389262,vocabvlvm,4,0.26298487836949375,invenio,4,0.26720106880427524,apostolvs,4,0.2741603838245374,volo/3,4,0.24140012070006037,propter/2,4,0.25773195876288657,devotio,5,0.2934272300469483,virtvs,5,0.30102347983142685,divinvs/2,3,0.2178649237472767,sentio,5,0.3184713375796179
virtvs,4,0.2684563758389262,novvs,4,0.26298487836949375,vmqvam,4,0.26720106880427524,gloria,4,0.2741603838245374,hodie,4,0.24140012070006037,animvs,4,0.25773195876288657,amor,5,0.2934272300469483,oro,5,0.30102347983142685,scribo,3,0.2178649237472767,diligo/3,5,0.3184713375796179
animvs,4,0.2684563758389262,annvs,4,0.26298487836949375,lingva,4,0.26720106880427524,pastoralis,4,0.2741603838245374,mos,4,0.24140012070006037,dvm/2,4,0.25773195876288657,kalendae,5,0.2934272300469483,miracvlvm,5,0.30102347983142685,cetervs,3,0.2178649237472767,memoria,4,0.25477707006369427
debeo,4,0.2684563758389262,intvs/2,4,0.26298487836949375,fero,4,0.26720106880427524,terrenvs,4,0.2741603838245374,cvnctvs,4,0.24140012070006037,miracvlvm,4,0.25773195876288657,limen,5,0.2934272300469483,exemplvm,5,0.30102347983142685,abba,3,0.2178649237472767,roma/n,4,0.25477707006369427
gradvs,4,0.2684563758389262,tot,4,0.26298487836949375,inqvio,4,0.26720106880427524,intelligo,4,0.2741603838245374,gradvs,4,0.24140012070006037,transfero,4,0.25773195876288657,presbyter,4,0.2347417840375587,placeo,5,0.30102347983142685,regio,3,0.2178649237472767,romanvs/a,4,0.25477707006369427
gloria,4,0.2684563758389262,cor,4,0.26298487836949375,flvmen,4,0.26720106880427524,cor,4,0.2741603838245374,apostolvs,4,0.24140012070006037,saecvlaris,4,0.25773195876288657,lector,4,0.2347417840375587,clamo,5,0.30102347983142685,video,3,0.2178649237472767,fidelis/2,4,0.25477707006369427
qvodammodo,4,0.2684563758389262,pietas,4,0.26298487836949375,svpervenio,4,0.26720106880427524,lavs,4,0.2741603838245374,siqvidem,4,0.24140012070006037,placidvs,4,0.25773195876288657,memoro,4,0.2347417840375587,rapio,5,0.30102347983142685,ibi,3,0.2178649237472767,certvs,4,0.25477707006369427
loqvor,4,0.2684563758389262,dispono,4,0.26298487836949375,mos,4,0.26720106880427524,pax,4,0.2741603838245374,sors,4,0.24140012070006037,neqvaqvam,4,0.25773195876288657,cvro,4,0.2347417840375587,indicivm,5,0.30102347983142685,affero,3,0.2178649237472767,obsecro,4,0.25477707006369427
anima,4,0.2684563758389262,offero,4,0.26298487836949375,transfero,4,0.26720106880427524,aio,4,0.2741603838245374,svscipio,4,0.24140012070006037,celebro,4,0.25773195876288657,omnis,4,0.2347417840375587,rex,4,0.2408187838651415,proximvs,3,0.2178649237472767,valeo,4,0.25477707006369427
ivdicivm,4,0.2684563758389262,bellvm,4,0.26298487836949375,pontificatvs,4,0.26720106880427524,famvlvs/1,3,0.205620287868403,necessitas,4,0.24140012070006037,minister/1,4,0.25773195876288657,albinvs/n2,4,0.2347417840375587,nosco,4,0.2408187838651415,diversvs,3,0.2178649237472767,nox,4,0.25477707006369427
cerno,4,0.2684563758389262,sciscitor,4,0.26298487836949375,labor/1,4,0.26720106880427524,lego/2,3,0.205620287868403,exercitvs/1,4,0.24140012070006037,div,4,0.25773195876288657,ervdio,4,0.2347417840375587,disco,4,0.2408187838651415,oceanvs/1,3,0.2178649237472767,adhvc,4,0.25477707006369427
timeo,4,0.2684563758389262,svvm,4,0.26298487836949375,amor,4,0.26720106880427524,scriptvra,3,0.205620287868403,postmodvm,4,0.24140012070006037,gavdeo,4,0.25773195876288657,littera,4,0.2347417840375587,videlicet,4,0.2408187838651415,qvondam,3,0.2178649237472767,do,4,0.25477707006369427
perdvco,4,0.2684563758389262,edwin/n2,4,0.26298487836949375,qvantvs/1,4,0.26720106880427524,refero,3,0.205620287868403,paganvs,4,0.24140012070006037,eqvito,4,0.25773195876288657,nonnvllvs,4,0.2347417840375587,exinde,4,0.2408187838651415,occidens,3,0.2178649237472767,hodie,4,0.25477707006369427
resvrgo,4,0.2684563758389262,cvltvs/1,4,0.26298487836949375,creber,4,0.26720106880427524,devs,3,0.205620287868403,honorivs/n1,4,0.24140012070006037,praeparo/2,4,0.25773195876288657,pono,4,0.2347417840375587,pars,4,0.2408187838651415,maximvs,3,0.2178649237472767,consvetvdo,4,0.25477707006369427
canto,4,0.2684563758389262,appareo,4,0.26298487836949375,signvm,4,0.26720106880427524,occasio,3,0.205620287868403,eanfrith/n2,4,0.24140012070006037,prosvm/1,4,0.25773195876288657,mevs,4,0.2347417840375587,frater,4,0.2408187838651415,latitvdo,3,0.2178649237472767,virtvs,4,0.25477707006369427
accedo/1,4,0.2684563758389262,trado,4,0.26298487836949375,ablvo,4,0.26720106880427524,littera,3,0.205620287868403,aidan/n1,4,0.24140012070006037,exigo,4,0.25773195876288657,svpernvs,4,0.2347417840375587,qvondam,4,0.2408187838651415,compleo,3,0.2178649237472767,velvt/1,4,0.25477707006369427
cogitatio,4,0.2684563758389262,beneficivm,4,0.26298487836949375,disciplina,4,0.26720106880427524,nonnvllvs,3,0.205620287868403,vbicvmqve/2,4,0.24140012070006037,compositvm,4,0.25773195876288657,civitas,4,0.2347417840375587,civitas,4,0.2408187838651415,litvs,3,0.2178649237472767,ordino,4,0.25477707006369427
malignvs,4,0.2684563758389262,gavdeo,4,0.26298487836949375,vbicvmqve/2,4,0.26720106880427524,itaqve,3,0.205620287868403,ecclesiasticvs,3,0.18105009052504525,gens,3,0.19329896907216496,terra,4,0.2347417840375587,praeclarvs,4,0.2408187838651415,flvvivs,3,0.2178649237472767,cavsa,4,0.25477707006369427
castigo,4,0.2684563758389262,destrvo,4,0.26298487836949375,corripio,4,0.26720106880427524,exinde,3,0.205620287868403,prior,3,0.18105009052504525,probo,3,0.19329896907216496,primvs,4,0.2347417840375587,matvtinvs,4,0.2408187838651415,capio/2,3,0.2178649237472767,siqvidem,4,0.25477707006369427
miser,4,0.2684563758389262,disco,3,0.19723865877712032,rex,3,0.2004008016032064,episcopvs,3,0.205620287868403,dignvs,3,0.18105009052504525,sedvlvs,3,0.19329896907216496,aspicio,4,0.2347417840375587,facio,4,0.2408187838651415,calidvs,3,0.2178649237472767,neqvaqvam,4,0.25477707006369427
horreo,4,0.2684563758389262,cvro,3,0.19723865877712032,bonvs,3,0.2004008016032064,credo,3,0.205620287868403,cvro,3,0.18105009052504525,nosco,3,0.19329896907216496,dvo,4,0.2347417840375587,perhibeo,4,0.2408187838651415,aqva,3,0.2178649237472767,pax,4,0.25477707006369427
vervs,3,0.20134228187919465,videlicet,3,0.19723865877712032,disco,3,0.2004008016032064,britannia/n,3,0.205620287868403,revereor,3,0.18105009052504525,avditor,3,0.19329896907216496,ritvs,4,0.2347417840375587,do,4,0.2408187838651415,aer,3,0.2178649237472767,oportet,4,0.25477707006369427
refero,3,0.20134228187919465,consilivm,3,0.19723865877712032,revereor,3,0.2004008016032064,voco,3,0.205620287868403,permitto,3,0.18105009052504525,ibi,3,0.19329896907216496,potestas,4,0.2347417840375587,tantvs,4,0.2408187838651415,lvcidvs,3,0.2178649237472767,observo,4,0.25477707006369427
devs,3,0.20134228187919465,colligo/3,3,0.19723865877712032,memoria,3,0.2004008016032064,soleo,3,0.205620287868403,dico/2,3,0.18105009052504525,reverto,3,0.19329896907216496,vrbs,4,0.2347417840375587,aeternvs,4,0.2408187838651415,advenio,3,0.2178649237472767,praebeo,4,0.25477707006369427
scribo,3,0.20134228187919465,praesens,3,0.19723865877712032,venio,3,0.2004008016032064,dies,3,0.205620287868403,nordanhymbri/n,3,0.18105009052504525,affero,3,0.19329896907216496,svpra/2,4,0.2347417840375587,ibidem,4,0.2408187838651415,decem,3,0.2178649237472767,contemno,4,0.25477707006369427
pars,3,0.20134228187919465,episcopvs,3,0.19723865877712032,percipio,3,0.2004008016032064,hora,3,0.205620287868403,deniqve,3,0.18105009052504525,colligo/3,3,0.19329896907216496,filia,4,0.2347417840375587,ieivnivm,4,0.2408187838651415,scientia,3,0.2178649237472767,confirmo,4,0.25477707006369427
erga,3,0.20134228187919465,veritas,3,0.19723865877712032,frater,3,0.2004008016032064,nvmervs,3,0.205620287868403,opvs/1,3,0.18105009052504525,pervenio,3,0.19329896907216496,ivvenis/2,4,0.2347417840375587,defvngor,4,0.2408187838651415,commvnis,3,0.2178649237472767,postmodvm,4,0.25477707006369427
scio,3,0.20134228187919465,habeo,3,0.19723865877712032,sancio,3,0.2004008016032064,inqvio,3,0.205620287868403,episcopvs,3,0.18105009052504525,vita,3,0.19329896907216496,revoco,4,0.2347417840375587,caro/1,4,0.2408187838651415,incipio,3,0.2178649237472767,termino,4,0.25477707006369427
habeo,3,0.20134228187919465,mens,3,0.19723865877712032,svpernvs,3,0.2004008016032064,vivo,3,0.205620287868403,sancio,3,0.18105009052504525,lindissi/n,3,0.19329896907216496,faveo,4,0.2347417840375587,ordino,4,0.2408187838651415,perhibeo,3,0.2178649237472767,virginivs/n,4,0.25477707006369427
mevs,3,0.20134228187919465,locvs,3,0.19723865877712032,britannia/n,3,0.2004008016032064,fvtvrvs,3,0.205620287868403,flvvivs,3,0.18105009052504525,valeo,3,0.19329896907216496,cvpio,4,0.2347417840375587,etenim,4,0.2408187838651415,dvx,3,0.2178649237472767,historia,3,0.1910828025477707
credo,3,0.20134228187919465,britannia/n,3,0.19723865877712032,voco,3,0.2004008016032064,virtvs,3,0.205620287868403,mvltvm/2,3,0.18105009052504525,ivxta/1,3,0.19329896907216496,libet,3,0.17605633802816903,opera,4,0.2408187838651415,potivs,3,0.2178649237472767,lego/2,3,0.1910828025477707
voco,3,0.20134228187919465,voco,3,0.19723865877712032,aqva,3,0.2004008016032064,ira,3,0.205620287868403,permaneo,3,0.18105009052504525,fero,3,0.19329896907216496,lego/2,3,0.17605633802816903,anima,4,0.2408187838651415,totvs,3,0.2178649237472767,stvdivm,3,0.1910828025477707
pvlcher,3,0.20134228187919465,ignis,3,0.19723865877712032,facio,3,0.2004008016032064,dominicvs,3,0.205620287868403,sicvt/1,3,0.18105009052504525,intro/1,3,0.19329896907216496,nvnc,3,0.17605633802816903,ocvlvs,4,0.2408187838651415,egredior,3,0.2178649237472767,noster,3,0.1910828025477707
valeo,3,0.20134228187919465,adhvc,3,0.19723865877712032,contingo/1,3,0.2004008016032064,saecvlvm,3,0.205620287868403,contra/2,3,0.18105009052504525,magnvs,3,0.19329896907216496,avdio,3,0.17605633802816903,membrvm,4,0.2408187838651415,sinvs,3,0.2178649237472767,accendo,3,0.1910828025477707
ignis,3,0.20134228187919465,peto,3,0.19723865877712032,dono,3,0.2004008016032064,saecvlaris,3,0.205620287868403,sex,3,0.18105009052504525,vivo,3,0.19329896907216496,sedvlvs,3,0.17605633802816903,exsvrgo,4,0.2408187838651415,consvetvdo,3,0.2178649237472767,rego,3,0.1910828025477707
incipio,3,0.20134228187919465,servo,3,0.19723865877712032,aspicio,3,0.2004008016032064,diaconvs,3,0.205620287868403,primvs,3,0.18105009052504525,addo,3,0.19329896907216496,nosco,3,0.17605633802816903,consecro,4,0.2408187838651415,ibidem,3,0.2178649237472767,dvbito,3,0.1910828025477707
aspicio,3,0.20134228187919465,tertivs,3,0.19723865877712032,volo/3,3,0.2004008016032064,semper,3,0.205620287868403,ambo/2,3,0.18105009052504525,spativm,3,0.19329896907216496,noster,3,0.17605633802816903,qviesco,4,0.2408187838651415,offero,3,0.2178649237472767,disco,3,0.1910828025477707
volo/3,3,0.20134228187919465,maneo,3,0.19723865877712032,sto,3,0.2004008016032064,cavsa,3,0.205620287868403,habito,3,0.18105009052504525,consvetvdo,3,0.19329896907216496,refero,3,0.17605633802816903,circvmdo,4,0.2408187838651415,gavdeo,3,0.2178649237472767,qvondam,3,0.1910828025477707
servo,3,0.20134228187919465,religio,3,0.19723865877712032,vivo,3,0.2004008016032064,job/n,3,0.205620287868403,hactenvs,3,0.18105009052504525,dvo,3,0.19329896907216496,pivs,3,0.17605633802816903,appono,4,0.2408187838651415,christvs/n,2,0.14524328249818447,civitas,3,0.1910828025477707
sto,3,0.20134228187919465,ibidem,3,0.19723865877712032,percvtio,3,0.2004008016032064,vtilis,3,0.205620287868403,dives,3,0.18105009052504525,capvt,3,0.19329896907216496,devs,3,0.17605633802816903,locvlvs,4,0.2408187838651415,angli/n,2,0.14524328249818447,vter/4,3,0.1910828025477707
rarvs,3,0.20134228187919465,domvs,3,0.19723865877712032,familia,3,0.2004008016032064,expositio,3,0.205620287868403,servio,3,0.18105009052504525,regnvm,3,0.19329896907216496,nothhelm/n2,3,0.17605633802816903,sano,4,0.2408187838651415,stvdivm,2,0.14524328249818447,incipio,3,0.1910828025477707
remaneo,3,0.20134228187919465,assensvs,3,0.19723865877712032,mitto,3,0.2004008016032064,ivvo,3,0.205620287868403,animvs,3,0.18105009052504525,licentia,3,0.19329896907216496,vivvs/2,3,0.17605633802816903,morbvs,4,0.2408187838651415,avris,2,0.14524328249818447,tantvs,3,0.1910828025477707
talis,3,0.20134228187919465,deprecor,3,0.19723865877712032,donec,3,0.2004008016032064,catholicvs,3,0.205620287868403,delecto,3,0.18105009052504525,nolo,3,0.19329896907216496,praesens,3,0.17605633802816903,devoveo,4,0.2408187838651415,maxime,2,0.14524328249818447,capvt,3,0.1910828025477707
egredior,3,0.20134228187919465,iste,3,0.19723865877712032,vocabvlvm,3,0.2004008016032064,svblimo,3,0.205620287868403,debeo,3,0.18105009052504525,socio,3,0.19329896907216496,saxones/n,3,0.17605633802816903,exavdio,4,0.2408187838651415,noster,2,0.14524328249818447,interpres,3,0.1910828025477707
secerno,3,0.20134228187919465,animvs,3,0.19723865877712032,ibidem,3,0.2004008016032064,compono,3,0.205620287868403,dominicvs,3,0.18105009052504525,servio,3,0.19329896907216496,nordanhymbri/n,3,0.17605633802816903,somnivm,4,0.2408187838651415,bonvs,2,0.14524328249818447,commvnico,3,0.1910828025477707
aeternvs,3,0.20134228187919465,confero,3,0.19723865877712032,praedico/3,3,0.2004008016032064,lvx,3,0.205620287868403,incarnatio,3,0.18105009052504525,dvlcedo,3,0.19329896907216496,avstralis,3,0.17605633802816903,presbyter,3,0.1806140878988561,rego,2,0.14524328249818447,nolo,3,0.1910828025477707
regnvm,3,0.20134228187919465,sermo,3,0.19723865877712032,peregrinvs/2,3,0.2004008016032064,discretio,3,0.205620287868403,ordino,3,0.18105009052504525,convenio,3,0.19329896907216496,aetas,3,0.17605633802816903,verbvm,3,0.1806140878988561,brevis,2,0.14524328249818447,doctrina,3,0.1910828025477707
antea,3,0.20134228187919465,stvdiosvs,3,0.19723865877712032,consvo,3,0.2004008016032064,dolor,3,0.205620287868403,svpra/2,3,0.18105009052504525,svavis,3,0.19329896907216496,advenio,3,0.17605633802816903,simvl/1,3,0.1806140878988561,adivtor/1,2,0.14524328249818447,doctor,3,0.1910828025477707
praedico/3,3,0.20134228187919465,qvomodo/1,3,0.19723865877712032,intentio,3,0.2004008016032064,pes,3,0.205620287868403,constrvo,3,0.18105009052504525,congrvvs,3,0.19329896907216496,accipio,3,0.17605633802816903,cvro,3,0.1806140878988561,institvo,2,0.14524328249818447,possessio,3,0.1910828025477707
appropinqvo,3,0.20134228187919465,intelligo,3,0.19723865877712032,fvngor,3,0.2004008016032064,praedicator,3,0.205620287868403,os/1,3,0.18105009052504525,gero,3,0.19329896907216496,dono,3,0.17605633802816903,sancio,3,0.1806140878988561,papa,2,0.14524328249818447,annvs,3,0.1910828025477707
ieivnivm,3,0.20134228187919465,mater,3,0.19723865877712032,lectio,3,0.2004008016032064,eripio,3,0.205620287868403,pax,3,0.18105009052504525,transeo/1,3,0.19329896907216496,coepio,3,0.17605633802816903,certvs,3,0.1806140878988561,vox,2,0.14524328249818447,profero,3,0.1910828025477707
caelestis,3,0.20134228187919465,ecce,3,0.19723865877712032,resvrrectio,3,0.2004008016032064,barbarvs/2,3,0.205620287868403,idvs,3,0.18105009052504525,amor,3,0.19329896907216496,consentio,3,0.17605633802816903,ardor,3,0.1806140878988561,itaqve,2,0.14524328249818447,dvco,3,0.1910828025477707
converto,3,0.20134228187919465,impleo,3,0.19723865877712032,ocvlvs,3,0.2004008016032064,exercitvs/1,3,0.205620287868403,teneo,3,0.18105009052504525,patefacio,3,0.19329896907216496,popvlvs/1,3,0.17605633802816903,modvs,3,0.1806140878988561,fides/2,2,0.14524328249818447,labor/1,3,0.1910828025477707
differo,3,0.20134228187919465,teneo,3,0.19723865877712032,nescio,3,0.2004008016032064,gloriosvs,2,0.1370801919122687,minister/1,3,0.18105009052504525,anima,3,0.19329896907216496,familia,3,0.17605633802816903,praeter/2,3,0.1806140878988561,episcopvs,2,0.14524328249818447,potis,3,0.1910828025477707
exter,3,0.20134228187919465,vvltvs,3,0.19723865877712032,minister/1,3,0.2004008016032064,rex,2,0.1370801919122687,pascha,3,0.18105009052504525,pecvnia,3,0.19329896907216496,christianvs/2,3,0.17605633802816903,lingva,3,0.1806140878988561,innvmervs,2,0.14524328249818447,intelligo,3,0.1910828025477707
gravis,3,0.20134228187919465,aio,3,0.19723865877712032,narro,3,0.2004008016032064,prior,2,0.1370801919122687,vltra/2,3,0.18105009052504525,ivdicivm,3,0.19329896907216496,cvnctvs,3,0.17605633802816903,intro/1,3,0.1806140878988561,excipio,2,0.14524328249818447,edoceo,3,0.1910828025477707
rogo,3,0.20134228187919465,praedico/1,3,0.19723865877712032,sedeo,3,0.2004008016032064,meditor,2,0.1370801919122687,svfficio,3,0.18105009052504525,dispono,3,0.19329896907216496,doctor,3,0.17605633802816903,peto,3,0.1806140878988561,lindisfarnensis/a,2,0.14524328249818447,exspecto,3,0.1910828025477707
clarvs,3,0.20134228187919465,arma,3,0.19723865877712032,invicem,3,0.2004008016032064,sedvlvs,2,0.1370801919122687,virvs,3,0.18105009052504525,offero,3,0.19329896907216496,dominicvs,3,0.17605633802816903,impetro,3,0.1806140878988561,certvs,2,0.14524328249818447,commendo,3,0.1910828025477707
ostendo,3,0.20134228187919465,regno,3,0.19723865877712032,albatvs,3,0.2004008016032064,vervs,2,0.1370801919122687,qvod/1,3,0.18105009052504525,silentivm,3,0.19329896907216496,defvngor,3,0.17605633802816903,vxor,3,0.1806140878988561,siqvis,2,0.14524328249818447,svscipio,3,0.1910828025477707
dolor,3,0.20134228187919465,perimo,3,0.19723865877712032,porticvs,3,0.2004008016032064,nosco,2,0.1370801919122687,ebvracvm/n,3,0.18105009052504525,aio,3,0.19329896907216496,praemivm,3,0.17605633802816903,res,3,0.1806140878988561,veritas,2,0.14524328249818447,perficio,3,0.1910828025477707
ingenivm,3,0.20134228187919465,occido/1,3,0.19723865877712032,excito/1,3,0.2004008016032064,pravvs,2,0.1370801919122687,lavacrvm,3,0.18105009052504525,rvrsvs,3,0.19329896907216496,ivdicivm,3,0.17605633802816903,egredior,3,0.1806140878988561,corpvs,2,0.14524328249818447,narro,3,0.1910828025477707
libero,3,0.20134228187919465,salvtaris,3,0.19723865877712032,cvpio,3,0.2004008016032064,religiosvs,2,0.1370801919122687,catechizo,3,0.18105009052504525,regno,3,0.19329896907216496,spero,3,0.17605633802816903,ferme,3,0.1806140878988561,gallia/n,2,0.14524328249818447,vniversalis,3,0.1910828025477707
hostis,3,0.20134228187919465,donvm,3,0.19723865877712032,insisto,3,0.2004008016032064,pivs,2,0.1370801919122687,imbvo,3,0.18105009052504525,appareo,3,0.19329896907216496,congrego,3,0.17605633802816903,gavdivm,3,0.1806140878988561,hispania/n,2,0.14524328249818447,sacrosanctvs,3,0.1910828025477707
teneo,3,0.20134228187919465,abeo/1,3,0.19723865877712032,insto,3,0.2004008016032064,accendo,2,0.1370801919122687,episcopatvs,3,0.18105009052504525,introdvco,3,0.19329896907216496,svccedo/1,3,0.17605633802816903,vocabvlvm,3,0.1806140878988561,mille/2,2,0.14524328249818447,trado,3,0.1910828025477707
narro,3,0.20134228187919465,foris/2,3,0.19723865877712032,presbyter,2,0.13360053440213762,latvs/2,2,0.1370801919122687,conseqvor,3,0.18105009052504525,actio,3,0.19329896907216496,qvaero,3,0.17605633802816903,oratio,3,0.1806140878988561,tractvs,2,0.14524328249818447,veneratio,3,0.1910828025477707
amplvs,3,0.20134228187919465,continvo/2,3,0.19723865877712032,stvdivm,2,0.13360053440213762,scribo,2,0.1370801919122687,basilica,3,0.18105009052504525,confestim,3,0.19329896907216496,pergo,3,0.17605633802816903,gradvs,3,0.1806140878988561,qvinqve,2,0.14524328249818447,mentio/1,3,0.1910828025477707
virvs,3,0.20134228187919465,reqviro,3,0.19723865877712032,amplector,2,0.13360053440213762,cetervs,2,0.1370801919122687,medivm,3,0.18105009052504525,lignvm,3,0.19329896907216496,qvisqvam,3,0.17605633802816903,involvo,3,0.1806140878988561,meridies,2,0.14524328249818447,removeo,3,0.1910828025477707
appareo,3,0.20134228187919465,qvod/1,3,0.19723865877712032,verbvm,2,0.13360053440213762,disco,2,0.1370801919122687,oratorivm,3,0.18105009052504525,sanitas,3,0.19329896907216496,honorificvs,3,0.17605633802816903,expleo,3,0.1806140878988561,portvs,2,0.14524328249818447,controversia,3,0.1910828025477707
nvmqvam,3,0.20134228187919465,qvaero,3,0.19723865877712032,pivs,2,0.13360053440213762,exsisto,2,0.1370801919122687,aedifico,3,0.18105009052504525,clades,3,0.19329896907216496,corrigo,3,0.17605633802816903,qvantvs/1,3,0.1806140878988561,qvinqvaginta,2,0.14524328249818447,sollemnis,3,0.1910828025477707
svrgo,3,0.20134228187919465,templvm,3,0.19723865877712032,reverto,2,0.13360053440213762,institvo,2,0.1370801919122687,parvvlvs,3,0.18105009052504525,pavlatim,3,0.19329896907216496,consido,3,0.17605633802816903,loqvor,3,0.1806140878988561,tergvm,2,0.14524328249818447,nvmqvid,3,0.1910828025477707
tormentvm,3,0.20134228187919465,fanvm,3,0.19723865877712032,pars,2,0.13360053440213762,vox,2,0.1370801919122687,solvm/2,3,0.18105009052504525,iter,3,0.19329896907216496,visito,3,0.17605633802816903,benedictio,3,0.1806140878988561,frvx,2,0.14524328249818447,sceptrvm,3,0.1910828025477707
similis,3,0.20134228187919465,erigo,3,0.19723865877712032,deniqve,2,0.13360053440213762,videlicet,2,0.1370801919122687,interimo,3,0.18105009052504525,reliqviae,3,0.19329896907216496,metrvm,3,0.17605633802816903,ivdicivm,3,0.1806140878988561,pecvs/1,2,0.14524328249818447,provisio,3,0.1910828025477707
rapio,3,0.20134228187919465,orior,3,0.19723865877712032,svpersvm/1,2,0.13360053440213762,praesvm/1,2,0.1370801919122687,eadbald/n2,3,0.18105009052504525,visito,3,0.19329896907216496,eximivs,3,0.17605633802816903,exspecto,3,0.1806140878988561,ivmentvm,2,0.14524328249818447,dispensatio,3,0.1910828025477707
proverbivm,3,0.20134228187919465,gens,2,0.13149243918474687,condo,2,0.13360053440213762,insero/2,2,0.1370801919122687,praefatvs/1,3,0.18105009052504525,signo,3,0.19329896907216496,aliqvot,3,0.17605633802816903,perdvco,3,0.1806140878988561,vinea,2,0.14524328249818447,gens,2,0.12738853503184713
cresco,3,0.20134228187919465,sedvlvs,2,0.13149243918474687,erga,2,0.13360053440213762,volvmen,2,0.1370801919122687,gloriosvs,2,0.12070006035003018,christvs/n,2,0.12886597938144329,accvso,3,0.17605633802816903,migro,3,0.1806140878988561,genvs/1,2,0.14524328249818447,angli/n,2,0.12738853503184713
immensvs,3,0.20134228187919465,noster,2,0.13149243918474687,libellvs,2,0.13360053440213762,praesens,2,0.1370801919122687,maxime,2,0.12070006035003018,refero,2,0.12886597938144329,gloriosvs,2,0.11737089201877934,tollo,3,0.1806140878988561,abvndo,2,0.14524328249818447,avdio,2,0.12738853503184713
depono,3,0.20134228187919465,bonvs,2,0.13149243918474687,certvs,2,0.13360053440213762,indvstria,2,0.1370801919122687,exsisto,2,0.12070006035003018,pivs,2,0.12886597938144329,nvper,2,0.11737089201877934,femina,3,0.1806140878988561,color,2,0.14524328249818447,religiosvs,2,0.12738853503184713
pavlatim,3,0.20134228187919465,memoro,2,0.13149243918474687,siqvis,2,0.13360053440213762,perfero,2,0.1370801919122687,cantvari/n,2,0.12070006035003018,salvs,2,0.12886597938144329,stvdivm,2,0.11737089201877934,statim,3,0.1806140878988561,pvlcher,2,0.14524328249818447,cognosco,2,0.12738853503184713
pvella,3,0.20134228187919465,divinvs/2,2,0.13149243918474687,veritas,2,0.13360053440213762,orientalis,2,0.1370801919122687,archiepiscopvs,2,0.12070006035003018,disco,2,0.12886597938144329,illvstris,2,0.11737089201877934,appareo,3,0.1806140878988561,vmqvam,2,0.14524328249818447,avctoritas,2,0.12738853503184713
emendo,3,0.20134228187919465,cetervs,2,0.13149243918474687,infirmitas,2,0.13360053440213762,evangelivm,2,0.1370801919122687,venerabilis,2,0.12070006035003018,venerabilis,2,0.12886597938144329,bonvs,2,0.11737089201877934,introdvco,3,0.1806140878988561,ardeo,2,0.14524328249818447,abbas,2,0.12738853503184713
tametsi,3,0.20134228187919465,roma/n,2,0.13149243918474687,singvlvs,2,0.13360053440213762,ministerivm,2,0.1370801919122687,diligens,2,0.12070006035003018,institvo,2,0.12886597938144329,avditor,2,0.11737089201877934,absolvo,3,0.1806140878988561,ferrvm,2,0.14524328249818447,discipvlvs,2,0.12738853503184713
splendor,3,0.20134228187919465,saxones/n,2,0.13149243918474687,nomen,2,0.13360053440213762,cognomino,2,0.1370801919122687,papa,2,0.12070006035003018,postea,2,0.12886597938144329,sollicitvs,2,0.11737089201877934,gavdeo,3,0.1806140878988561,lapis,2,0.14524328249818447,hinc,2,0.12738853503184713
repeto,3,0.20134228187919465,qvalis/1,2,0.13149243918474687,civitas,2,0.13360053440213762,testis/1,2,0.1370801919122687,postea,2,0.12070006035003018,deniqve,2,0.12886597938144329,svbtraho,2,0.11737089201877934,diligo/3,3,0.1806140878988561,plvrimvs,2,0.14524328249818447,svccessor,2,0.12738853503184713
dvlcis,3,0.20134228187919465,erga,2,0.13149243918474687,valeo,2,0.13360053440213762,sancio,2,0.1370801919122687,invenio,2,0.12070006035003018,svpersvm/1,2,0.12886597938144329,opvscvlvm,2,0.11737089201877934,incorrvptvs,3,0.1806140878988561,optimvs,2,0.14524328249818447,mando/2,2,0.12738853503184713
horridvs,3,0.20134228187919465,innvmervs,2,0.13149243918474687,recipio,2,0.13360053440213762,reperio,2,0.1370801919122687,pater,2,0.12070006035003018,ministerivm,2,0.12886597938144329,doceo,2,0.11737089201877934,nvncvpo,3,0.1806140878988561,admoveo,2,0.14524328249818447,pervenio,2,0.12738853503184713
despero,3,0.20134228187919465,certvs,2,0.13149243918474687,aer,2,0.13360053440213762,mens,2,0.1370801919122687,affero,2,0.12070006035003018,condo,2,0.12886597938144329,archiepiscopvs,2,0.11737089201877934,gravo,3,0.1806140878988561,octo,2,0.14524328249818447,memini,2,0.12738853503184713
christvs/n,2,0.1342281879194631,adicio,2,0.13149243918474687,vter/4,2,0.13360053440213762,locvs,2,0.1370801919122687,praesens,2,0.12070006035003018,sancio,2,0.12886597938144329,discipvlvs,2,0.11737089201877934,lavo/1,3,0.1806140878988561,instrvo,2,0.14524328249818447,lindisfarnensis/a,2,0.12738853503184713
presbyter,2,0.1342281879194631,credo,2,0.13149243918474687,permaneo,2,0.13360053440213762,incola,2,0.1370801919122687,svccessor,2,0.12070006035003018,svpernvs,2,0.12886597938144329,monvmentvm,2,0.11737089201877934,iter,3,0.1806140878988561,mvndvs/1,2,0.14524328249818447,pono,2,0.12738853503184713
stvdivm,2,0.1342281879194631,nomen,2,0.13149243918474687,redeo/1,2,0.13360053440213762,nomen,2,0.1370801919122687,occidentalis,2,0.12070006035003018,tergvm,2,0.12886597938144329,vox,2,0.11737089201877934,nvntio,3,0.1806140878988561,qvaestio,2,0.14524328249818447,lex,2,0.12738853503184713
sedvlvs,2,0.1342281879194631,ferrvm,2,0.13149243918474687,contra/2,2,0.13360053440213762,qvinqve,2,0.1370801919122687,proximvs,2,0.12070006035003018,vmqvam,2,0.12886597938144329,permitto,2,0.11737089201877934,elevo/1,3,0.1806140878988561,permaneo,2,0.14524328249818447,mevs,2,0.12738853503184713
dignvs,2,0.1342281879194631,argentvm,2,0.13149243918474687,ergo/2,2,0.13360053440213762,civitas,2,0.1370801919122687,insvla,2,0.12070006035003018,modvs,2,0.12886597938144329,consilivm,2,0.11737089201877934,lvmen,3,0.1806140878988561,plaga/2,2,0.14524328249818447,nvllvs,2,0.12738853503184713
abba,2,0.1342281879194631,gigno,2,0.13149243918474687,consto,2,0.13360053440213762,genvs/1,2,0.1370801919122687,mercii/n,2,0.12070006035003018,aqva,2,0.12886597938144329,praefor,2,0.11737089201877934,palvs/2,3,0.1806140878988561,sicvt/1,2,0.14524328249818447,nobilis/2,2,0.12738853503184713
doceo,2,0.1342281879194631,nox,2,0.13149243918474687,tvmor,2,0.13360053440213762,nvllvs,2,0.1370801919122687,recipero,2,0.12070006035003018,lapis,2,0.12886597938144329,reverens,2,0.11737089201877934,desvper,3,0.1806140878988561,brvma,2,0.14524328249818447,praeter/2,2,0.12738853503184713
regio,2,0.1342281879194631,dies,2,0.13149243918474687,praecipio,2,0.13360053440213762,venvstvs,2,0.1370801919122687,excipio,2,0.12070006035003018,prope/2,2,0.12886597938144329,affero,2,0.11737089201877934,gloriosvs,2,0.12040939193257075,nimirvm,2,0.14524328249818447,nimirvm,2,0.12738853503184713
vox,2,0.1342281879194631,confiteor,2,0.13149243918474687,gavdivm,2,0.13360053440213762,nobilis/2,2,0.1370801919122687,siqvis,2,0.12070006035003018,vtpote,2,0.12886597938144329,colligo/3,2,0.11737089201877934,historia,2,0.12040939193257075,liber/1,2,0.14524328249818447,secedo/1,2,0.12738853503184713
videlicet,2,0.1342281879194631,contingo/1,2,0.13149243918474687,vigilia,2,0.13360053440213762,adhvc,2,0.1370801919122687,veritas,2,0.12070006035003018,nimirvm,2,0.12886597938144329,svccessor,2,0.11737089201877934,noster,2,0.12040939193257075,svmmvs,2,0.14524328249818447,italia/n,2,0.12738853503184713
perfero,2,0.1342281879194631,ingredior,2,0.13149243918474687,animvs,2,0.13360053440213762,italia/n,2,0.1370801919122687,corpvs,2,0.12070006035003018,secedo/1,2,0.12886597938144329,orientalis,2,0.11737089201877934,bonvs,2,0.12040939193257075,vindico,2,0.14524328249818447,scientia,2,0.12738853503184713
avdeo,2,0.1342281879194631,finis,2,0.13149243918474687,debeo,2,0.13360053440213762,primvs,2,0.1370801919122687,maximvs,2,0.12070006035003018,meditatio,2,0.12886597938144329,occidentalis,2,0.11737089201877934,rego,2,0.12040939193257075,impetro,2,0.14524328249818447,accipio,2,0.12738853503184713
episcopvs,2,0.1342281879194631,magnvs,2,0.13149243918474687,mensis,2,0.13360053440213762,finis,2,0.1370801919122687,terra,2,0.12070006035003018,volo/3,2,0.12886597938144329,svpersvm/1,2,0.11737089201877934,intimo,2,0.12040939193257075,aqvilo/n,2,0.14524328249818447,contingo/1,2,0.12738853503184713
ministerivm,2,0.1342281879194631,resto,2,0.13149243918474687,parvvs/2,2,0.13360053440213762,ergo/2,2,0.1370801919122687,inclvdo,2,0.12070006035003018,consentio,2,0.12886597938144329,mando/2,2,0.11737089201877934,omnis,2,0.12040939193257075,magnvs,2,0.14524328249818447,ingredior,2,0.12738853503184713
frater,2,0.1342281879194631,coepio,2,0.13149243918474687,amo,2,0.13360053440213762,potivs,2,0.1370801919122687,instrvo,2,0.12070006035003018,vocabvlvm,2,0.12886597938144329,qvalis/1,2,0.11737089201877934,abba,2,0.12040939193257075,navigivm,2,0.14524328249818447,familia,2,0.12738853503184713
agnosco,2,0.1342281879194631,hodie,2,0.13149243918474687,svbivngo,2,0.13360053440213762,roboro,2,0.1370801919122687,vter/4,2,0.12070006035003018,crvx,2,0.12886597938144329,porro,2,0.11737089201877934,regio,2,0.12040939193257075,dono,2,0.14524328249818447,mitto,2,0.12738853503184713
lindisfarnensis/a,2,0.1342281879194631,consto,2,0.13149243918474687,decet,2,0.13360053440213762,tres,2,0.1370801919122687,redeo/1,2,0.12070006035003018,promissvm,2,0.12886597938144329,simplex,2,0.11737089201877934,postea,2,0.12040939193257075,adeo/1,2,0.14524328249818447,gavdivm,2,0.12738853503184713
simplex,2,0.1342281879194631,antiqvitvs,2,0.13149243918474687,conversatio,2,0.13360053440213762,dvo,2,0.1370801919122687,finis,2,0.12070006035003018,peregrinvs/2,2,0.12886597938144329,obsecro,2,0.11737089201877934,fidelis/2,2,0.12040939193257075,volo/3,2,0.14524328249818447,promitto,2,0.12738853503184713
obsecro,2,0.1342281879194631,socivs/1,2,0.13149243918474687,propono,2,0.13360053440213762,qvadraginta,2,0.1370801919122687,peto,2,0.12070006035003018,perspicio,2,0.12886597938144329,stvdeo,2,0.11737089201877934,excipio,2,0.12040939193257075,resto,2,0.14524328249818447,maneo,2,0.12738853503184713
aperio,2,0.1342281879194631,comes,2,0.13149243918474687,siqvidem,2,0.13360053440213762,mitto,2,0.1370801919122687,do,2,0.12070006035003018,vester,2,0.12886597938144329,infirmitas,2,0.11737089201877934,obsecro,2,0.12040939193257075,habito,2,0.14524328249818447,donec,2,0.12738853503184713
terra,2,0.1342281879194631,tribvo,2,0.13149243918474687,qvatvor,2,0.13360053440213762,caelvm/1,2,0.1370801919122687,res,2,0.12070006035003018,converto,2,0.12886597938144329,clementia,2,0.11737089201877934,loco,2,0.12040939193257075,avstrinvs,2,0.14524328249818447,antea,2,0.12738853503184713
flvvivs,2,0.1342281879194631,victvs,2,0.13149243918474687,mirvs,2,0.13360053440213762,regnvm,2,0.1370801919122687,servo,2,0.12070006035003018,differo,2,0.12886597938144329,saepe,2,0.11737089201877934,pateo,2,0.12040939193257075,vxor,2,0.14524328249818447,christianvs/2,2,0.12738853503184713
nvllvs,2,0.1342281879194631,appropinqvo,2,0.13149243918474687,opera,2,0.13360053440213762,sine,2,0.1370801919122687,fabrico,2,0.12070006035003018,potestas,2,0.12886597938144329,remvneratio,2,0.11737089201877934,iaceo,2,0.12040939193257075,condicio,2,0.14524328249818447,relinqvo,2,0.12738853503184713
soleo,2,0.1342281879194631,mos,2,0.13149243918474687,vaco,2,0.13360053440213762,vocabvlvm,2,0.1370801919122687,potivs,2,0.12070006035003018,sermo,2,0.12886597938144329,singvlvs,2,0.11737089201877934,sicvt/1,2,0.12040939193257075,procedo/1,2,0.14524328249818447,iste,2,0.12738853503184713
aqva,2,0.1342281879194631,iesvs/n,2,0.13149243918474687,verax,2,0.13360053440213762,novvs,2,0.1370801919122687,spativm,2,0.12070006035003018,saecvlvm,2,0.12886597938144329,credo,2,0.11737089201877934,secedo/1,2,0.12040939193257075,tertivs,2,0.14524328249818447,servio,2,0.12738853503184713
ardeo,2,0.1342281879194631,oratio,2,0.13149243918474687,benedictio,2,0.13360053440213762,nolo,2,0.1370801919122687,cantia/n,2,0.12070006035003018,perfectio,2,0.12886597938144329,intercessio,2,0.11737089201877934,liber/1,2,0.12040939193257075,venenvm,2,0.14524328249818447,animvs,2,0.12738853503184713
incendo,2,0.1342281879194631,servio,2,0.13149243918474687,exspecto,2,0.13360053440213762,misericordia,2,0.1370801919122687,hvmbra/n,2,0.12070006035003018,mors,2,0.12886597938144329,voco,2,0.11737089201877934,dono,2,0.12040939193257075,patria,2,0.14524328249818447,praedico/2,2,0.12738853503184713
confiteor,2,0.1342281879194631,sperno,2,0.13149243918474687,ecce,2,0.13360053440213762,allelvia,2,0.1370801919122687,flvmen,2,0.12070006035003018,proficio,2,0.12886597938144329,metallvm,2,0.11737089201877934,procvl,2,0.12040939193257075,permaximvs,2,0.14524328249818447,dilectio,2,0.12738853503184713
sino,2,0.1342281879194631,honor,2,0.13149243918474687,moveo,2,0.13360053440213762,secvndvs/1,2,0.1370801919122687,imperivm,2,0.12070006035003018,gravis,2,0.12886597938144329,iaceo,2,0.11737089201877934,remaneo,2,0.12040939193257075,secerno,2,0.14524328249818447,confero,2,0.12738853503184713
dvo,2,0.1342281879194631,convenio,2,0.13149243918474687,desiderivm,2,0.13360053440213762,miror,2,0.1370801919122687,familia,2,0.12070006035003018,ordino,2,0.12886597938144329,redeo/1,2,0.11737089201877934,propter/2,2,0.12040939193257075,spativm,2,0.14524328249818447,defvngor,2,0.12738853503184713
christianvs/2,2,0.1342281879194631,gradvs,2,0.13149243918474687,dispono,2,0.13360053440213762,primo,2,0.1370801919122687,maneo,2,0.12070006035003018,propono,2,0.12886597938144329,lingva,2,0.11737089201877934,tvmor,2,0.12040939193257075,aethelberht/n3,2,0.14524328249818447,sermo,2,0.12738853503184713
svpero,2,0.1342281879194631,postqvam,2,0.13149243918474687,teneo,2,0.13360053440213762,missa,2,0.1370801919122687,ministro,2,0.12070006035003018,semper,2,0.12886597938144329,sedes,2,0.11737089201877934,domvs,2,0.12040939193257075,cantia/n,2,0.14524328249818447,parvvs/2,2,0.12738853503184713
assensvs,2,0.1342281879194631,eatenvs,2,0.13149243918474687,praetereo/1,2,0.13360053440213762,ostensio,2,0.1370801919122687,avfero,2,0.12070006035003018,cavsa,2,0.12886597938144329,impetro,2,0.11737089201877934,nolo,2,0.12040939193257075,magnitvdo,2,0.14524328249818447,mvto/2,2,0.12738853503184713
relinqvo,2,0.1342281879194631,licet/1,2,0.13149243918474687,opinio,2,0.13360053440213762,cotidie,2,0.1370801919122687,secvndvs/1,2,0.12070006035003018,lectio,2,0.12886597938144329,respondeo,2,0.11737089201877934,hospitivm,2,0.12040939193257075,sine,2,0.14524328249818447,gravis,2,0.12738853503184713
prohibeo,2,0.1342281879194631,habitvs/1,2,0.13149243918474687,admoneo,2,0.13360053440213762,doctor,2,0.1370801919122687,honor,2,0.12070006035003018,qvomodo/1,2,0.12886597938144329,res,2,0.11737089201877934,misericordia,2,0.12040939193257075,promitto,2,0.14524328249818447,lectio,2,0.12738853503184713
avfero,2,0.1342281879194631,cogito,2,0.13149243918474687,addvco,2,0.13360053440213762,servitivm,2,0.1370801919122687,dvm/2,2,0.12070006035003018,lvx,2,0.12886597938144329,prosapia,2,0.11737089201877934,cvnctvs,2,0.12040939193257075,licentia,2,0.14524328249818447,nego,2,0.12738853503184713
species,2,0.1342281879194631,mors,2,0.13149243918474687,manvs/1,2,0.13360053440213762,primvm,2,0.1370801919122687,cotidie,2,0.12070006035003018,pereo/1,2,0.12886597938144329,servo,2,0.11737089201877934,animvs,2,0.12040939193257075,resido,2,0.14524328249818447,sacramentvm,2,0.12738853503184713
confero,2,0.1342281879194631,proficio,2,0.13149243918474687,confirmo,2,0.13360053440213762,gero,2,0.1370801919122687,conflvo,2,0.12070006035003018,cerno,2,0.12886597938144329,propter/2,2,0.11737089201877934,species,2,0.12040939193257075,colloqvivm,2,0.14524328249818447,incoho,2,0.12738853503184713
annvs,2,0.1342281879194631,altar,2,0.13149243918474687,intendo,2,0.13360053440213762,perfectio,2,0.1370801919122687,doctor,2,0.12070006035003018,commendo,2,0.12886597938144329,ministro,2,0.11737089201877934,transfero,2,0.12040939193257075,vsvs,2,0.14524328249818447,resvrrectio,2,0.12738853503184713
sermo,2,0.1342281879194631,amor,2,0.13149243918474687,exhibeo,2,0.13360053440213762,conversor,2,0.1370801919122687,possessio,2,0.12070006035003018,timeo,2,0.12886597938144329,religio,2,0.11737089201877934,gero,2,0.12040939193257075,argentevs/2,2,0.14524328249818447,manifestvs,2,0.12738853503184713
praefero,2,0.1342281879194631,impono,2,0.13149243918474687,appareo,2,0.13360053440213762,transeo/1,2,0.1370801919122687,idolvm,2,0.12070006035003018,socivs/2,2,0.12886597938144329,prohibeo,2,0.11737089201877934,mancipo,2,0.12040939193257075,imago,2,0.14524328249818447,ostendo,2,0.12738853503184713
